 ,Unnamed: 23
–Ω–æ–º–µ—Ä –Ω–µ–¥–µ–ª–∏,51.0
–¥–∞—Ç—ã,
–¢—Ä–∞—Ñ–∏–∫ –Ω–∞ —Å–∞–π—Ç–µ,
–†–µ–≥–∏—Å—Ç—Ä–∞—Ü–∏–π,
Email,
–¥–æ—Å—Ç–∞–≤–ª–µ–Ω–æ,
OR,
CR,
–í—ã—Ä—É—á–∫–∞,
–ó–∞–∫–∞–∑–æ–≤,
–ó–∞–∫–∞–∑–æ–≤ –æ—Ç —Ç—Ä–∞—Ñ–∏–∫–∞,
–ö–æ–Ω–≤–µ—Ä—Å–∏—è –≤ –∑–∞–∫–∞–∑—ã,
,
Web-push,
–¥–æ—Å—Ç–∞–≤–ª–µ–Ω–æ,
OR,
CR,
–í—ã—Ä—É—á–∫–∞,
–ó–∞–∫–∞–∑–æ–≤,
–ó–∞–∫–∞–∑–æ–≤ –æ—Ç —Ç—Ä–∞—Ñ–∏–∫–∞,
–ö–æ–Ω–≤–µ—Ä—Å–∏—è –≤ –∑–∞–∫–∞–∑—ã,
,
–°–µ–∑–æ–Ω–Ω—ã–µ —Ç—Ä–∏–≥–≥–µ—Ä—ã ,
–¥–æ—Å—Ç–∞–≤–ª–µ–Ω–æ,
OR,
CR,
–í—ã—Ä—É—á–∫–∞,
–ó–∞–∫–∞–∑–æ–≤,
–ó–∞–∫–∞–∑–æ–≤ –æ—Ç —Ç—Ä–∞—Ñ–∏–∫–∞,
–ö–æ–Ω–≤–µ—Ä—Å–∏—è –≤ –∑–∞–∫–∞–∑—ã,
,
–ë—Ä–æ—à–µ–Ω–Ω–∞—è –∫–æ—Ä–∑–∏–Ω–∞ email,
–ë—Ä–æ—à–µ–Ω–Ω—ã—Ö –∫–æ—Ä–∑–∏–Ω,
–ü—Ä–æ—Ü–µ–Ω—Ç –æ—Ç—Ä–∞–±–æ—Ç–∞–Ω–Ω—ã—Ö –∫–æ—Ä–∑–∏–Ω,
–î–æ—Å—Ç–∞–≤–ª–µ–Ω–æ,6507.0
–û—Ç–∫—Ä—ã—Ç–∏—è,2366.0
OR,0.36360842169970803
–ö–ª–∏–∫–æ–≤,600.0
CR,0.09220839096357769
CTR,0.25359256128486896
–û—Ç–ø–∏—Å–æ–∫,5.0
UR,0.0007684032580298141
–î–æ—Ö–æ–¥ –ø–æ –∞—Ç—Ä–∏–±—É—Ü–∏–∏ MB,713121.0
–û—Ç–Ω–æ—à–µ–Ω–∏–µ –≤—ã—Ä—É—á–∫–∏ –∫ –ø—Ä–µ–¥—ã–¥—É—â–µ–π –Ω–µ–¥–µ–ª–µ,
–ü–æ–∫—É–ø–æ–∫ –ø–æ –∞—Ç—Ä–∏–±—É—Ü–∏–∏ MB,173.0
–°—Ä–µ–¥–Ω–∏–π —á–µ–∫ –ø–æ –∞—Ç—Ä–∏–±—É—Ü–∏–∏,4122.089710982659
–ö–æ–Ω–≤–µ—Ä—Å–∏—è –≤ –∑–∞–∫–∞–∑—ã,0.026586752727831568
,
Welcome 1 new email,
–î–æ—Å—Ç–∞–≤–ª–µ–Ω–æ,3432.0
–ü—Ä–æ—Ü–µ–Ω—Ç –æ—Ç —Ä–µ–≥–∏—Å—Ç—Ä–∞—Ü–∏–π,
–û—Ç–∫—Ä—ã—Ç–∏—è,2373.0
OR,0.6914335664335665
–ö–ª–∏–∫–æ–≤,531.0
CR,0.1547202797202797
CTR,0.22376738305941846
–û—Ç–ø–∏—Å–æ–∫,6.0
UR,0.0017482517482517483
–î–æ—Ö–æ–¥ –ø–æ –∞—Ç—Ä–∏–±—É—Ü–∏–∏ MB,550227.0
–ü–æ–∫—É–ø–æ–∫ –ø–æ –∞—Ç—Ä–∏–±—É—Ü–∏–∏ MB,150.0
–°—Ä–µ–¥–Ω–∏–π —á–µ–∫ –ø–æ –∞—Ç—Ä–∏–±—É—Ü–∏–∏,3668.181666666667
–ö–æ–Ω–≤–µ—Ä—Å–∏—è –≤ –∑–∞–∫–∞–∑—ã,0.043706293706293704
,
–ë—Ä–æ—à–µ–Ω–Ω—ã–π –ø—Ä–æ—Å–º–æ—Ç—Ä —Ç–æ–≤–∞—Ä–∞ email,
–î–æ—Å—Ç–∞–≤–ª–µ–Ω–æ,314.0
–û—Ç–∫—Ä—ã—Ç–∏—è,126.0
OR,0.4012738853503185
–ö–ª–∏–∫–æ–≤,20.0
CR,0.06369426751592357
CTR,0.15873015873015872
–û—Ç–ø–∏—Å–æ–∫,1.0
UR,0.0031847133757961785
–î–æ—Ö–æ–¥ –ø–æ –∞—Ç—Ä–∏–±—É—Ü–∏–∏ MB,16734.0
–ü–æ–∫—É–ø–æ–∫ –ø–æ –∞—Ç—Ä–∏–±—É—Ü–∏–∏ MB,4.0
–°—Ä–µ–¥–Ω–∏–π —á–µ–∫ –ø–æ –∞—Ç—Ä–∏–±—É—Ü–∏–∏,4183.5825
–ö–æ–Ω–≤–µ—Ä—Å–∏—è –≤ –∑–∞–∫–∞–∑—ã,0.012738853503184714
,
–ë—Ä–æ—à–µ–Ω–Ω—ã–π –ø—Ä–æ—Å–º–æ—Ç—Ä –∫–∞—Ç–µ–≥–æ—Ä–∏–∏ email,
–î–æ—Å—Ç–∞–≤–ª–µ–Ω–æ,2513.0
–û—Ç–∫—Ä—ã—Ç–∏—è,778.0
OR,0.3095901313171508
–ö–ª–∏–∫–æ–≤,132.0
CR,0.05252686032630322
CTR,0.16966580976863754
–û—Ç–ø–∏—Å–æ–∫,4.0
UR,0.0015917230401910067
–î–æ—Ö–æ–¥ –ø–æ –∞—Ç—Ä–∏–±—É—Ü–∏–∏ MB,103441.0
–ü–æ–∫—É–ø–æ–∫ –ø–æ –∞—Ç—Ä–∏–±—É—Ü–∏–∏ MB,25.0
–°—Ä–µ–¥–Ω–∏–π —á–µ–∫ –ø–æ –∞—Ç—Ä–∏–±—É—Ü–∏–∏,4137.6508
–ö–æ–Ω–≤–µ—Ä—Å–∏—è –≤ –∑–∞–∫–∞–∑—ã,0.009948269001193792
,
–ù–µ–¥–µ–ª—è –¥–æ –î–† email,
–î–æ—Å—Ç–∞–≤–ª–µ–Ω–æ,0.0
–ü—Ä–æ—Ü–µ–Ω—Ç –æ—Ç —Ä–µ–≥–∏—Å—Ç—Ä–∞—Ü–∏–π,
–û—Ç–∫—Ä—ã—Ç–∏—è,0.0
OR,0.0
–ö–ª–∏–∫–æ–≤,0.0
CR,0.0
CTR,0.0
–û—Ç–ø–∏—Å–æ–∫,0.0
UR,0.0
–î–æ—Ö–æ–¥ –ø–æ –∞—Ç—Ä–∏–±—É—Ü–∏–∏ MB,0.0
–ü–æ–∫—É–ø–æ–∫ –ø–æ –∞—Ç—Ä–∏–±—É—Ü–∏–∏ MB,0.0
–°—Ä–µ–¥–Ω–∏–π —á–µ–∫ –ø–æ –∞—Ç—Ä–∏–±—É—Ü–∏–∏,0.0
–ö–æ–Ω–≤–µ—Ä—Å–∏—è –≤ –∑–∞–∫–∞–∑—ã,0.0
,
–†–µ–∞–∫—Ç–∏–≤–∞—Ü–∏—è email,
–î–æ—Å—Ç–∞–≤–ª–µ–Ω–æ,5033.0
–ü—Ä–æ—Ü–µ–Ω—Ç –æ—Ç —Ä–µ–≥–∏—Å—Ç—Ä–∞—Ü–∏–π,
–û—Ç–∫—Ä—ã—Ç–∏—è,609.0
OR,0.12100139082058414
–ö–ª–∏–∫–æ–≤,32.0
CR,0.006358036956089807
CTR,0.052545155993431854
–û—Ç–ø–∏—Å–æ–∫,9.0
UR,0.0017881978939002583
–î–æ—Ö–æ–¥ –ø–æ –∞—Ç—Ä–∏–±—É—Ü–∏–∏ MB,4830.0
–ü–æ–∫—É–ø–æ–∫ –ø–æ –∞—Ç—Ä–∏–±—É—Ü–∏–∏ MB,1.0
–°—Ä–µ–¥–Ω–∏–π —á–µ–∫ –ø–æ –∞—Ç—Ä–∏–±—É—Ü–∏–∏,4830.84
–ö–æ–Ω–≤–µ—Ä—Å–∏—è –≤ –∑–∞–∫–∞–∑—ã,0.00019868865487780648
,
–¢–æ–≤–∞—Ä –ø–æ—è–≤–∏–ª—Å—è –≤ –Ω–∞–ª–∏—á–∏–∏ email,
–î–æ—Å—Ç–∞–≤–ª–µ–Ω–æ,3.0
–û—Ç–∫—Ä—ã—Ç–∏—è,2.0
OR,0.6666666666666666
–ö–ª–∏–∫–æ–≤,1.0
CR,0.3333333333333333
CTR,0.5
–û—Ç–ø–∏—Å–æ–∫,0.0
UR,0.0
–î–æ—Ö–æ–¥ –ø–æ –∞—Ç—Ä–∏–±—É—Ü–∏–∏ MB,0.0
–ü–æ–∫—É–ø–æ–∫ –ø–æ –∞—Ç—Ä–∏–±—É—Ü–∏–∏ MB,0.0
–°—Ä–µ–¥–Ω–∏–π —á–µ–∫ –ø–æ –∞—Ç—Ä–∏–±—É—Ü–∏–∏,0.0
–ö–æ–Ω–≤–µ—Ä—Å–∏—è –≤ –∑–∞–∫–∞–∑—ã,0.0
,
–ù–∞–ø–æ–º–∏–Ω–∞–Ω–∏–µ –æ –ø—Ä–æ–º–æ–∫–æ–¥–µ –ê email,
–î–æ—Å—Ç–∞–≤–ª–µ–Ω–æ,566.0
–û—Ç–∫—Ä—ã—Ç–∏—è,190.0
OR,0.33568904593639576
–ö–ª–∏–∫–æ–≤,23.0
CR,0.04063604240282685
CTR,0.12105263157894737
–û—Ç–ø–∏—Å–æ–∫,2.0
UR,0.0035335689045936395
–î–æ—Ö–æ–¥ –ø–æ –∞—Ç—Ä–∏–±—É—Ü–∏–∏ MB,4591.0
–ü–æ–∫—É–ø–æ–∫ –ø–æ –∞—Ç—Ä–∏–±—É—Ü–∏–∏ MB,1.0
–°—Ä–µ–¥–Ω–∏–π —á–µ–∫ –ø–æ –∞—Ç—Ä–∏–±—É—Ü–∏–∏,4591.0
–ö–æ–Ω–≤–µ—Ä—Å–∏—è –≤ –∑–∞–∫–∞–∑—ã,0.0017667844522968198
,
–ù–∞–ø–æ–º–∏–Ω–∞–Ω–∏–µ –æ –ø—Ä–æ–º–æ–∫–æ–¥–µ –í email,
–î–æ—Å—Ç–∞–≤–ª–µ–Ω–æ,599.0
–û—Ç–∫—Ä—ã—Ç–∏—è,196.0
OR,0.327212020033389
–ö–ª–∏–∫–æ–≤,24.0
CR,0.04006677796327212
CTR,0.12244897959183673
–û—Ç–ø–∏—Å–æ–∫,1.0
UR,0.001669449081803005
–î–æ—Ö–æ–¥ –ø–æ –∞—Ç—Ä–∏–±—É—Ü–∏–∏ MB,13147.0
–ü–æ–∫—É–ø–æ–∫ –ø–æ –∞—Ç—Ä–∏–±—É—Ü–∏–∏ MB,4.0
–°—Ä–µ–¥–Ω–∏–π —á–µ–∫ –ø–æ –∞—Ç—Ä–∏–±—É—Ü–∏–∏,3286.75
–ö–æ–Ω–≤–µ—Ä—Å–∏—è –≤ –∑–∞–∫–∞–∑—ã,0.00667779632721202
,
–û—Ç—Ç–æ–∫ –ê–∫—Ç–∏–≤–Ω—ã–µ email,
–î–æ—Å—Ç–∞–≤–ª–µ–Ω–æ,765.0
–û—Ç–∫—Ä—ã—Ç–∏—è,258.0
OR,0.33725490196078434
–ö–ª–∏–∫–æ–≤,49.0
CR,0.06405228758169934
CTR,0.18992248062015504
–û—Ç–ø–∏—Å–æ–∫,0.0
UR,0.0
–î–æ—Ö–æ–¥ –ø–æ –∞—Ç—Ä–∏–±—É—Ü–∏–∏ MB,85777.0
–ü–æ–∫—É–ø–æ–∫ –ø–æ –∞—Ç—Ä–∏–±—É—Ü–∏–∏ MB,16.0
–°—Ä–µ–¥–Ω–∏–π —á–µ–∫ –ø–æ –∞—Ç—Ä–∏–±—É—Ü–∏–∏,5361.0625
–ö–æ–Ω–≤–µ—Ä—Å–∏—è –≤ –∑–∞–∫–∞–∑—ã,0.02091503267973856
,
trig_water_reminder email,
–î–æ—Å—Ç–∞–≤–ª–µ–Ω–æ,710.0
–û—Ç–∫—Ä—ã—Ç–∏—è,225.0
OR,0.31690140845070425
–ö–ª–∏–∫–æ–≤,32.0
CR,0.04507042253521127
CTR,0.14222222222222222
–û—Ç–ø–∏—Å–æ–∫,0.0
UR,0.0
–î–æ—Ö–æ–¥ –ø–æ –∞—Ç—Ä–∏–±—É—Ü–∏–∏ MB,39585.0
–ü–æ–∫—É–ø–æ–∫ –ø–æ –∞—Ç—Ä–∏–±—É—Ü–∏–∏ MB,10.0
–°—Ä–µ–¥–Ω–∏–π —á–µ–∫ –ø–æ –∞—Ç—Ä–∏–±—É—Ü–∏–∏,3958.565
–ö–æ–Ω–≤–µ—Ä—Å–∏—è –≤ –∑–∞–∫–∞–∑—ã,0.014084507042253521
,
–ù–∞–ø–æ–º–∏–Ω–∞–Ω–∏–µ –æ –ø—Ä–æ–º–æ–∫–æ–¥–µ NEW_2,
–î–æ—Å—Ç–∞–≤–ª–µ–Ω–æ,897.0
–û—Ç–∫—Ä—ã—Ç–∏—è,407.0
OR,0.4537346711259755
–ö–ª–∏–∫–æ–≤,54.0
CR,0.06020066889632107
CTR,0.13267813267813267
–û—Ç–ø–∏—Å–æ–∫,1.0
UR,0.0011148272017837235
–î–æ—Ö–æ–¥ –ø–æ –∞—Ç—Ä–∏–±—É—Ü–∏–∏ MB,81105.0
–ü–æ–∫—É–ø–æ–∫ –ø–æ –∞—Ç—Ä–∏–±—É—Ü–∏–∏ MB,22.0
–°—Ä–µ–¥–Ω–∏–π —á–µ–∫ –ø–æ –∞—Ç—Ä–∏–±—É—Ü–∏–∏,3686.624545454545
–ö–æ–Ω–≤–µ—Ä—Å–∏—è –≤ –∑–∞–∫–∞–∑—ã,0.024526198439241916
,
–ù–∞–ø–æ–º–∏–Ω–∞–Ω–∏–µ –æ –ø—Ä–æ–º–æ–∫–æ–¥–µ NEW_3,
–î–æ—Å—Ç–∞–≤–ª–µ–Ω–æ,36.0
–û—Ç–∫—Ä—ã—Ç–∏—è,13.0
OR,0.3611111111111111
–ö–ª–∏–∫–æ–≤,3.0
CR,0.08333333333333333
CTR,0.23076923076923078
–û—Ç–ø–∏—Å–æ–∫,0.0
UR,0.0
–î–æ—Ö–æ–¥ –ø–æ –∞—Ç—Ä–∏–±—É—Ü–∏–∏ MB,3876.0
–ü–æ–∫—É–ø–æ–∫ –ø–æ –∞—Ç—Ä–∏–±—É—Ü–∏–∏ MB,2.0
–°—Ä–µ–¥–Ω–∏–π —á–µ–∫ –ø–æ –∞—Ç—Ä–∏–±—É—Ü–∏–∏,1938.0
–ö–æ–Ω–≤–µ—Ä—Å–∏—è –≤ –∑–∞–∫–∞–∑—ã,0.05555555555555555
,
–î–æ–¥–æ –ü–∏—Ü—Ü–∞,
–î–æ—Å—Ç–∞–≤–ª–µ–Ω–æ,0.0
–û—Ç–∫—Ä—ã—Ç–∏—è,0.0
OR,0.0
–ö–ª–∏–∫–æ–≤,0.0
CR,0.0
CTR,0.0
–û—Ç–ø–∏—Å–æ–∫,0.0
UR,0.0
–î–æ—Ö–æ–¥ –ø–æ –∞—Ç—Ä–∏–±—É—Ü–∏–∏ MB,0.0
–ü–æ–∫—É–ø–æ–∫ –ø–æ –∞—Ç—Ä–∏–±—É—Ü–∏–∏ MB,0.0
–°—Ä–µ–¥–Ω–∏–π —á–µ–∫ –ø–æ –∞—Ç—Ä–∏–±—É—Ü–∏–∏,0.0
–ö–æ–Ω–≤–µ—Ä—Å–∏—è –≤ –∑–∞–∫–∞–∑—ã,0.0
,
–ú–∏—Ä–∞—Ç–æ—Ä–≥ + Tefal,
–î–æ—Å—Ç–∞–≤–ª–µ–Ω–æ,702.0
–û—Ç–∫—Ä—ã—Ç–∏—è,425.0
OR,0.6054131054131054
–ö–ª–∏–∫–æ–≤,133.0
CR,0.18945868945868946
CTR,0.3129411764705882
–û—Ç–ø–∏—Å–æ–∫,1.0
UR,0.0014245014245014246
–î–æ—Ö–æ–¥ –ø–æ –∞—Ç—Ä–∏–±—É—Ü–∏–∏ MB,113789.0
–ü–æ–∫—É–ø–æ–∫ –ø–æ –∞—Ç—Ä–∏–±—É—Ü–∏–∏ MB,31.0
–°—Ä–µ–¥–Ω–∏–π —á–µ–∫ –ø–æ –∞—Ç—Ä–∏–±—É—Ü–∏–∏,3670.637741935484
–ö–æ–Ω–≤–µ—Ä—Å–∏—è –≤ –∑–∞–∫–∞–∑—ã,0.04415954415954416
,
DOI –ò–Ω—Ç–µ—Ä–∞–∫—Ç–∏–≤–Ω—ã–π —Ç–µ—Å—Ç,
–î–æ—Å—Ç–∞–≤–ª–µ–Ω–æ,0.0
–û—Ç–∫—Ä—ã—Ç–∏—è,0.0
OR,0.0
–ö–ª–∏–∫–æ–≤,0.0
CR,0.0
CTR,0.0
–û—Ç–ø–∏—Å–æ–∫,0.0
UR,0.0
–î–æ—Ö–æ–¥ –ø–æ –∞—Ç—Ä–∏–±—É—Ü–∏–∏ MB,0.0
–ü–æ–∫—É–ø–æ–∫ –ø–æ –∞—Ç—Ä–∏–±—É—Ü–∏–∏ MB,0.0
–°—Ä–µ–¥–Ω–∏–π —á–µ–∫ –ø–æ –∞—Ç—Ä–∏–±—É—Ü–∏–∏,0.0
–ö–æ–Ω–≤–µ—Ä—Å–∏—è –≤ –∑–∞–∫–∞–∑—ã,0.0
,
DOI –ò–Ω—Ç–µ—Ä–∞–∫—Ç–∏–≤–Ω—ã–π —Ç–µ—Å—Ç –°–ø–∞—Å–∏–±–æ,
–î–æ—Å—Ç–∞–≤–ª–µ–Ω–æ,0.0
–û—Ç–∫—Ä—ã—Ç–∏—è,0.0
OR,0.0
–ö–ª–∏–∫–æ–≤,0.0
CR,0.0
CTR,0.0
–û—Ç–ø–∏—Å–æ–∫,0.0
UR,0.0
–î–æ—Ö–æ–¥ –ø–æ –∞—Ç—Ä–∏–±—É—Ü–∏–∏ MB,0.0
–ü–æ–∫—É–ø–æ–∫ –ø–æ –∞—Ç—Ä–∏–±—É—Ü–∏–∏ MB,0.0
–°—Ä–µ–¥–Ω–∏–π —á–µ–∫ –ø–æ –∞—Ç—Ä–∏–±—É—Ü–∏–∏,0.0
–ö–æ–Ω–≤–µ—Ä—Å–∏—è –≤ –∑–∞–∫–∞–∑—ã,0.0
,
"–ü–æ–∂–∞–ª—É–π—Å—Ç–∞, –ø–æ–¥—Ç–≤–µ—Ä–¥–∏—Ç–µ –ø–æ–¥–ø–∏—Å–∫—É (Facebook Leads)",
–î–æ—Å—Ç–∞–≤–ª–µ–Ω–æ,0.0
–û—Ç–∫—Ä—ã—Ç–∏—è,0.0
OR,0.0
–ö–ª–∏–∫–æ–≤,0.0
CR,0.0
CTR,0.0
–û—Ç–ø–∏—Å–æ–∫,0.0
UR,0.0
–î–æ—Ö–æ–¥ –ø–æ –∞—Ç—Ä–∏–±—É—Ü–∏–∏ MB,0.0
–ü–æ–∫—É–ø–æ–∫ –ø–æ –∞—Ç—Ä–∏–±—É—Ü–∏–∏ MB,0.0
–°—Ä–µ–¥–Ω–∏–π —á–µ–∫ –ø–æ –∞—Ç—Ä–∏–±—É—Ü–∏–∏,0.0
–ö–æ–Ω–≤–µ—Ä—Å–∏—è –≤ –∑–∞–∫–∞–∑—ã,0.0
,
–í–∞—à –ø—Ä–æ–º–æ–∫–æ–¥ —É–∂–µ –∑–¥–µ—Å—å! (Facebook Leads),
–î–æ—Å—Ç–∞–≤–ª–µ–Ω–æ,1.0
–û—Ç–∫—Ä—ã—Ç–∏—è,1.0
OR,1.0
–ö–ª–∏–∫–æ–≤,0.0
CR,0.0
CTR,0.0
–û—Ç–ø–∏—Å–æ–∫,0.0
UR,0.0
–î–æ—Ö–æ–¥ –ø–æ –∞—Ç—Ä–∏–±—É—Ü–∏–∏ MB,0.0
–ü–æ–∫—É–ø–æ–∫ –ø–æ –∞—Ç—Ä–∏–±—É—Ü–∏–∏ MB,0.0
–°—Ä–µ–¥–Ω–∏–π —á–µ–∫ –ø–æ –∞—Ç—Ä–∏–±—É—Ü–∏–∏,0.0
–ö–æ–Ω–≤–µ—Ä—Å–∏—è –≤ –∑–∞–∫–∞–∑—ã,0.0
,
–ë—Ä–æ—à–µ–Ω–Ω–∞—è –∫–æ—Ä–∑–∏–Ω–∞ —Å –æ—Ñ—Ñ–µ—Ä–æ–º,
–°—Å—ã–ª–∫–∞ –Ω–∞ –≤–∏–∑—É–∞–ª,https://email-services.mindbox.ru/v1/projects/1309/email/previewtemplate/?uniqueKey=8430738510121533440&hash=73C65FD1637E497507234D5ABBA4FEFCBB8C5793&format=Html
–£—Å–ª–æ–≤–∏—è –æ—Ç–ø—Ä–∞–≤–∫–∏,–î–∞—Ä–∏–º —Å–∫–∏–¥–∫—É –Ω–∞ –∑–∞–∫–∞–∑ –∏–∑ –≤–∞—à–µ–π –∫–æ—Ä–∑–∏–Ω—ã!
–î–æ—Å—Ç–∞–≤–ª–µ–Ω–æ,321
–û—Ç–∫—Ä—ã—Ç–∏—è,163
OR,0.5077881619937694
–ö–ª–∏–∫–æ–≤,60
CR,0.18691588785046728
CTR,0.36809815950920244
–û—Ç–ø–∏—Å–æ–∫,0
UR,0.0
–î–æ—Ö–æ–¥ –ø–æ –∞—Ç—Ä–∏–±—É—Ü–∏–∏ MB,140464
–ü–æ–∫—É–ø–æ–∫ –ø–æ –∞—Ç—Ä–∏–±—É—Ü–∏–∏ MB,24
–°—Ä–µ–¥–Ω–∏–π —á–µ–∫ –ø–æ –∞—Ç—Ä–∏–±—É—Ü–∏–∏,5852.690833333334
–ö–æ–Ω–≤–µ—Ä—Å–∏—è –≤ –∑–∞–∫–∞–∑—ã,0.07476635514018691
,
–û–Ω–ª–∞–π–Ω –¥–µ—à–µ–≤–ª–µ,
–°—Å—ã–ª–∫–∞ –Ω–∞ –≤–∏–∑—É–∞–ª,https://email-services.mindbox.ru/v1/projects/1309/email/previewtemplate/?uniqueKey=6773413846477438976&hash=6262B77BB9675EFDC2E9432FA83D6DE45F48B4D8&format=Html
–£—Å–ª–æ–≤–∏—è –æ—Ç–ø—Ä–∞–≤–∫–∏,"@{ if IsEmpty(Recipient.OnlyStandardFirstName) }–ü–æ–∫—É–ø–∞–π—Ç–µ –¥–µ—à–µ–≤–ª–µ, —á–µ–º –≤ –º–∞–≥–∞–∑–∏–Ω–µ!üòé@{ else } ${ Recipient.OnlyStandardFirstName }, –ø–æ–∫—É–ø–∞–π—Ç–µ –¥–µ—à–µ–≤–ª–µ, —á–µ–º –≤ –º–∞–≥–∞–∑–∏–Ω–µ!üòé@{end if}"
–î–æ—Å—Ç–∞–≤–ª–µ–Ω–æ,402
–û—Ç–∫—Ä—ã—Ç–∏—è,106
OR,0.263681592039801
–ö–ª–∏–∫–æ–≤,17
CR,0.04228855721393035
CTR,0.16037735849056603
–û—Ç–ø–∏—Å–æ–∫,1
UR,0.0024875621890547263
–î–æ—Ö–æ–¥ –ø–æ –∞—Ç—Ä–∏–±—É—Ü–∏–∏ MB,21492
–ü–æ–∫—É–ø–æ–∫ –ø–æ –∞—Ç—Ä–∏–±—É—Ü–∏–∏ MB,9
–°—Ä–µ–¥–Ω–∏–π —á–µ–∫ –ø–æ –∞—Ç—Ä–∏–±—É—Ü–∏–∏,2388.0
–ö–æ–Ω–≤–µ—Ä—Å–∏—è –≤ –∑–∞–∫–∞–∑—ã,0.022388059701492536
,
–ü–∏—Å—å–º–æ —Å –ø—Ä–æ–º–æ–∫–æ–¥–æ–º Babyblog (–¥–ª—è –Ω–æ–≤—ã—Ö),
–°—Å—ã–ª–∫–∞ –Ω–∞ –≤–∏–∑—É–∞–ª,https://email-services.mindbox.ru/v1/projects/1309/email/previewtemplate/?uniqueKey=-5404319549455597568&hash=8A467AE6E853DC66DF0BD8079FEB8B63A2F9A848&format=Html
–£—Å–ª–æ–≤–∏—è –æ—Ç–ø—Ä–∞–≤–∫–∏,–í–∞—à –ø—Ä–æ–º–æ–∫–æ–¥ —É–∂–µ –∑–¥–µ—Å—å!
–î–æ—Å—Ç–∞–≤–ª–µ–Ω–æ,8
–û—Ç–∫—Ä—ã—Ç–∏—è,5
OR,0.625
–ö–ª–∏–∫–æ–≤,1
CR,0.125
CTR,0.2
–û—Ç–ø–∏—Å–æ–∫,0
UR,0.0
–î–æ—Ö–æ–¥ –ø–æ –∞—Ç—Ä–∏–±—É—Ü–∏–∏ MB,0
–ü–æ–∫—É–ø–æ–∫ –ø–æ –∞—Ç—Ä–∏–±—É—Ü–∏–∏ MB,0
–°—Ä–µ–¥–Ω–∏–π —á–µ–∫ –ø–æ –∞—Ç—Ä–∏–±—É—Ü–∏–∏,0.0
–ö–æ–Ω–≤–µ—Ä—Å–∏—è –≤ –∑–∞–∫–∞–∑—ã,0.0
,
DOI BabyBlog,
–°—Å—ã–ª–∫–∞ –Ω–∞ –≤–∏–∑—É–∞–ª,https://email-services.mindbox.ru/v1/projects/1309/email/previewtemplate/?uniqueKey=-1945555038856282112&hash=79CA38781D28B5C024C2CF1F014AE455456AF126&format=Html
–£—Å–ª–æ–≤–∏—è –æ—Ç–ø—Ä–∞–≤–∫–∏,"–ü–æ–∂–∞–ª—É–π—Å—Ç–∞, –ø–æ–¥—Ç–≤–µ—Ä–¥–∏—Ç–µ email"
–î–æ—Å—Ç–∞–≤–ª–µ–Ω–æ,18
–û—Ç–∫—Ä—ã—Ç–∏—è,9
OR,0.5
–ö–ª–∏–∫–æ–≤,8
CR,0.4444444444444444
CTR,0.8888888888888888
–û—Ç–ø–∏—Å–æ–∫,0
UR,0.0
–î–æ—Ö–æ–¥ –ø–æ –∞—Ç—Ä–∏–±—É—Ü–∏–∏ MB,0
–ü–æ–∫—É–ø–æ–∫ –ø–æ –∞—Ç—Ä–∏–±—É—Ü–∏–∏ MB,0
–°—Ä–µ–¥–Ω–∏–π —á–µ–∫ –ø–æ –∞—Ç—Ä–∏–±—É—Ü–∏–∏,0.0
–ö–æ–Ω–≤–µ—Ä—Å–∏—è –≤ –∑–∞–∫–∞–∑—ã,0.0
,
–ü–µ—Ä—Å–æ–Ω–∞–ª—å–Ω—ã–π –ø—Ä–æ–º–æ–∫–æ–¥ –Ω–∞ —Å–∫–∏–¥–∫—É ‚Äî –≤ –ø–∏—Å—å–º–µ! ü§§,
–°—Å—ã–ª–∫–∞ –Ω–∞ –≤–∏–∑—É–∞–ª,https://email-services.mindbox.ru/v1/projects/1309/email/previewtemplate/?uniqueKey=2522015795521781760&hash=C6035C8F2847778F6E1193AE67A47A2EEE06C584&format=Html
–£—Å–ª–æ–≤–∏—è –æ—Ç–ø—Ä–∞–≤–∫–∏,–ü–µ—Ä—Å–æ–Ω–∞–ª—å–Ω—ã–π –ø—Ä–æ–º–æ–∫–æ–¥ –Ω–∞ —Å–∫–∏–¥–∫—É ‚Äî –≤ –ø–∏—Å—å–º–µ! ü§§
–î–æ—Å—Ç–∞–≤–ª–µ–Ω–æ,112
–û—Ç–∫—Ä—ã—Ç–∏—è,37
OR,0.33035714285714285
–ö–ª–∏–∫–æ–≤,2
CR,0.017857142857142856
CTR,0.05405405405405406
–û—Ç–ø–∏—Å–æ–∫,0
UR,0.0
–î–æ—Ö–æ–¥ –ø–æ –∞—Ç—Ä–∏–±—É—Ü–∏–∏ MB,0
–ü–æ–∫—É–ø–æ–∫ –ø–æ –∞—Ç—Ä–∏–±—É—Ü–∏–∏ MB,0
–°—Ä–µ–¥–Ω–∏–π —á–µ–∫ –ø–æ –∞—Ç—Ä–∏–±—É—Ü–∏–∏,0.0
–ö–æ–Ω–≤–µ—Ä—Å–∏—è –≤ –∑–∞–∫–∞–∑—ã,0.0
,
–î–ª—è –≤–∞—Å —Å—é—Ä–ø—Ä–∏–∑! –û—Ç–∫—Ä–æ–π—Ç–µ –ø–∏—Å—å–º–æ üòâ,
–°—Å—ã–ª–∫–∞ –Ω–∞ –≤–∏–∑—É–∞–ª,https://email-services.mindbox.ru/v1/projects/1309/email/previewtemplate/?uniqueKey=-8718968877683310592&hash=35491D37623028A151AC4EB155B30513DEA1C282&format=Html
–£—Å–ª–æ–≤–∏—è –æ—Ç–ø—Ä–∞–≤–∫–∏,–î–ª—è –≤–∞—Å —Å—é—Ä–ø—Ä–∏–∑! –û—Ç–∫—Ä–æ–π—Ç–µ –ø–∏—Å—å–º–æ üòâ
–î–æ—Å—Ç–∞–≤–ª–µ–Ω–æ,2191
–û—Ç–∫—Ä—ã—Ç–∏—è,1207
OR,0.550890004564126
–ö–ª–∏–∫–æ–≤,128
CR,0.05842081241442264
CTR,0.1060480530240265
–û—Ç–ø–∏—Å–æ–∫,0
UR,0.0
–î–æ—Ö–æ–¥ –ø–æ –∞—Ç—Ä–∏–±—É—Ü–∏–∏ MB,24237
–ü–æ–∫—É–ø–æ–∫ –ø–æ –∞—Ç—Ä–∏–±—É—Ü–∏–∏ MB,6
–°—Ä–µ–¥–Ω–∏–π —á–µ–∫ –ø–æ –∞—Ç—Ä–∏–±—É—Ü–∏–∏,4039.6066666666666
–ö–æ–Ω–≤–µ—Ä—Å–∏—è –≤ –∑–∞–∫–∞–∑—ã,0.0027384755819260614
,
–ë—Ä–æ—à–µ–Ω–Ω–∞—è –∫–æ—Ä–∑–∏–Ω–∞ Web-push,
–ë—Ä–æ—à–µ–Ω–Ω—ã—Ö –∫–æ—Ä–∑–∏–Ω,
–î–æ—Å—Ç–∞–≤–ª–µ–Ω–æ,2392
–ü—Ä–æ—Ü–µ–Ω—Ç –æ—Ç—Ä–∞–±–æ—Ç–∞–Ω–Ω—ã—Ö –∫–æ—Ä–∑–∏–Ω,
–û—Ç–∫—Ä—ã—Ç–∏—è,1838
OR,0.7683946488294314
–ö–ª–∏–∫–æ–≤,84
CR,0.03511705685618729
CTR,0.04570184983677911
–î–æ—Ö–æ–¥ –ø–æ –∞—Ç—Ä–∏–±—É—Ü–∏–∏ MB,53795
–ü–æ–∫—É–ø–æ–∫ –ø–æ –∞—Ç—Ä–∏–±—É—Ü–∏–∏ MB,14
–°—Ä–µ–¥–Ω–∏–π —á–µ–∫ –ø–æ –∞—Ç—Ä–∏–±—É—Ü–∏–∏,3842.5092857142854
–ö–æ–Ω–≤–µ—Ä—Å–∏—è –≤ –∑–∞–∫–∞–∑—ã,0.005852842809364548
,
–ë—Ä–æ—à–µ–Ω–Ω—ã–π –ø—Ä–æ—Å–º–æ—Ç—Ä —Ç–æ–≤–∞—Ä–∞ Web-push,
–î–æ—Å—Ç–∞–≤–ª–µ–Ω–æ,0
–ü—Ä–æ—Ü–µ–Ω—Ç –æ—Ç —Ä–µ–≥–∏—Å—Ç—Ä–∞—Ü–∏–π,
–û—Ç–∫—Ä—ã—Ç–∏—è,0
OR,0
–ö–ª–∏–∫–æ–≤,0
CR,0
CTR,0
–î–æ—Ö–æ–¥ –ø–æ –∞—Ç—Ä–∏–±—É—Ü–∏–∏ MB,0
–ü–æ–∫—É–ø–æ–∫ –ø–æ –∞—Ç—Ä–∏–±—É—Ü–∏–∏ MB,0
–°—Ä–µ–¥–Ω–∏–π —á–µ–∫ –ø–æ –∞—Ç—Ä–∏–±—É—Ü–∏–∏,0
–ö–æ–Ω–≤–µ—Ä—Å–∏—è –≤ –∑–∞–∫–∞–∑—ã,0
,
–ë—Ä–æ—à–µ–Ω–Ω—ã–π –ø—Ä–æ—Å–º–æ—Ç—Ä –∫–∞—Ç–µ–≥–æ—Ä–∏–∏ Web-push,
–î–æ—Å—Ç–∞–≤–ª–µ–Ω–æ,0
–ü—Ä–æ—Ü–µ–Ω—Ç –æ—Ç —Ä–µ–≥–∏—Å—Ç—Ä–∞—Ü–∏–π,
–û—Ç–∫—Ä—ã—Ç–∏—è,0
OR,0
–ö–ª–∏–∫–æ–≤,0
CR,0
CTR,0
–î–æ—Ö–æ–¥ –ø–æ –∞—Ç—Ä–∏–±—É—Ü–∏–∏ MB,0
–ü–æ–∫—É–ø–æ–∫ –ø–æ –∞—Ç—Ä–∏–±—É—Ü–∏–∏ MB,0
–°—Ä–µ–¥–Ω–∏–π —á–µ–∫ –ø–æ –∞—Ç—Ä–∏–±—É—Ü–∏–∏,0
–ö–æ–Ω–≤–µ—Ä—Å–∏—è –≤ –∑–∞–∫–∞–∑—ã,0
,
water_reminder Web-push,
–î–æ—Å—Ç–∞–≤–ª–µ–Ω–æ,92
–û—Ç–∫—Ä—ã—Ç–∏—è,57
OR,0.6195652173913043
–ö–ª–∏–∫–æ–≤,4
CR,0.043478260869565216
CTR,0.07017543859649122
–î–æ—Ö–æ–¥ –ø–æ –∞—Ç—Ä–∏–±—É—Ü–∏–∏ MB,0
–ü–æ–∫—É–ø–æ–∫ –ø–æ –∞—Ç—Ä–∏–±—É—Ü–∏–∏ MB,0
–°—Ä–µ–¥–Ω–∏–π —á–µ–∫ –ø–æ –∞—Ç—Ä–∏–±—É—Ü–∏–∏,0.0
–ö–æ–Ω–≤–µ—Ä—Å–∏—è –≤ –∑–∞–∫–∞–∑—ã,0.0
,
–¢–æ–≤–∞—Ä –ø–æ—è–≤–∏–ª—Å—è –≤ –Ω–∞–ª–∏—á–∏–∏ Web-push,
–î–æ—Å—Ç–∞–≤–ª–µ–Ω–æ,0
–û—Ç–∫—Ä—ã—Ç–∏—è,0
OR,0
–ö–ª–∏–∫–æ–≤,0
CR,0
CTR,0
–î–æ—Ö–æ–¥ –ø–æ –∞—Ç—Ä–∏–±—É—Ü–∏–∏ MB,0
–ü–æ–∫—É–ø–æ–∫ –ø–æ –∞—Ç—Ä–∏–±—É—Ü–∏–∏ MB,0
–°—Ä–µ–¥–Ω–∏–π —á–µ–∫ –ø–æ –∞—Ç—Ä–∏–±—É—Ü–∏–∏,0
–ö–æ–Ω–≤–µ—Ä—Å–∏—è –≤ –∑–∞–∫–∞–∑—ã,0
,
trig_subscribe_email Web-push,
–î–æ—Å—Ç–∞–≤–ª–µ–Ω–æ,0
–û—Ç–∫—Ä—ã—Ç–∏—è,0
OR,0
–ö–ª–∏–∫–æ–≤,0
CR,0
CTR,0
–î–æ—Ö–æ–¥ –ø–æ –∞—Ç—Ä–∏–±—É—Ü–∏–∏ MB,0
–ü–æ–∫—É–ø–æ–∫ –ø–æ –∞—Ç—Ä–∏–±—É—Ü–∏–∏ MB,0
–°—Ä–µ–¥–Ω–∏–π —á–µ–∫ –ø–æ –∞—Ç—Ä–∏–±—É—Ü–∏–∏,0
–ö–æ–Ω–≤–µ—Ä—Å–∏—è –≤ –∑–∞–∫–∞–∑—ã,0
,
DOI –ß–µ—Ä–Ω–∞—è –ø—è—Ç–Ω–∏—Ü–∞,
–î–æ—Å—Ç–∞–≤–ª–µ–Ω–æ,0
–û—Ç–∫—Ä—ã—Ç–∏—è,0
OR,0
–ö–ª–∏–∫–æ–≤,0
CR,0
CTR,0
–û—Ç–ø–∏—Å–æ–∫,0
UR,0
–î–æ—Ö–æ–¥ –ø–æ –∞—Ç—Ä–∏–±—É—Ü–∏–∏ MB,0
–ü–æ–∫—É–ø–æ–∫ –ø–æ –∞—Ç—Ä–∏–±—É—Ü–∏–∏ MB,0
–°—Ä–µ–¥–Ω–∏–π —á–µ–∫ –ø–æ –∞—Ç—Ä–∏–±—É—Ü–∏–∏,0
–ö–æ–Ω–≤–µ—Ä—Å–∏—è –≤ –∑–∞–∫–∞–∑—ã,0
,
DOI –ß–µ—Ä–Ω–∞—è –ø—è—Ç–Ω–∏—Ü–∞ –°–ø–∞—Å–∏–±–æ,
–î–æ—Å—Ç–∞–≤–ª–µ–Ω–æ,0
–û—Ç–∫—Ä—ã—Ç–∏—è,0
OR,0
–ö–ª–∏–∫–æ–≤,0
CR,0
CTR,0
–û—Ç–ø–∏—Å–æ–∫,0
UR,0
–î–æ—Ö–æ–¥ –ø–æ –∞—Ç—Ä–∏–±—É—Ü–∏–∏ MB,0
–ü–æ–∫—É–ø–æ–∫ –ø–æ –∞—Ç—Ä–∏–±—É—Ü–∏–∏ MB,0
–°—Ä–µ–¥–Ω–∏–π —á–µ–∫ –ø–æ –∞—Ç—Ä–∏–±—É—Ü–∏–∏,0
–ö–æ–Ω–≤–µ—Ä—Å–∏—è –≤ –∑–∞–∫–∞–∑—ã,0
,
DOI –ï–ª–∫–∏,
–î–æ—Å—Ç–∞–≤–ª–µ–Ω–æ,12
–û—Ç–∫—Ä—ã—Ç–∏—è,11
OR,0.9166666666666666
–ö–ª–∏–∫–æ–≤,9
CR,0.75
CTR,0.8181818181818182
–û—Ç–ø–∏—Å–æ–∫,0
UR,0.0
–î–æ—Ö–æ–¥ –ø–æ –∞—Ç—Ä–∏–±—É—Ü–∏–∏ MB,2018
–ü–æ–∫—É–ø–æ–∫ –ø–æ –∞—Ç—Ä–∏–±—É—Ü–∏–∏ MB,1
–°—Ä–µ–¥–Ω–∏–π —á–µ–∫ –ø–æ –∞—Ç—Ä–∏–±—É—Ü–∏–∏,2018.0
–ö–æ–Ω–≤–µ—Ä—Å–∏—è –≤ –∑–∞–∫–∞–∑—ã,0.08333333333333333
,
–ï–ª–∫–∏ –°–ø–∞—Å–∏–±–æ,
–î–æ—Å—Ç–∞–≤–ª–µ–Ω–æ,8
–û—Ç–∫—Ä—ã—Ç–∏—è,8
OR,1.0
–ö–ª–∏–∫–æ–≤,3
CR,0.375
CTR,0.375
–û—Ç–ø–∏—Å–æ–∫,0
UR,0.0
–î–æ—Ö–æ–¥ –ø–æ –∞—Ç—Ä–∏–±—É—Ü–∏–∏ MB,4999
–ü–æ–∫—É–ø–æ–∫ –ø–æ –∞—Ç—Ä–∏–±—É—Ü–∏–∏ MB,1
–°—Ä–µ–¥–Ω–∏–π —á–µ–∫ –ø–æ –∞—Ç—Ä–∏–±—É—Ü–∏–∏,4999.0
–ö–æ–Ω–≤–µ—Ä—Å–∏—è –≤ –∑–∞–∫–∞–∑—ã,0.125
,
NY landing 2020 DOI,
–°—Å—ã–ª–∫–∞ –Ω–∞ –≤–∏–∑—É–∞–ª,https://email-services.mindbox.ru/v1/projects/1309/email/previewtemplate/?uniqueKey=5980780306322423808&hash=588CA2F1BB6C348176A86BE684D60A2AFF2E7D42&format=Html
–£—Å–ª–æ–≤–∏—è –æ—Ç–ø—Ä–∞–≤–∫–∏,"–ü–æ–∂–∞–ª—É–π—Å—Ç–∞, –ø–æ–¥—Ç–≤–µ—Ä–¥–∏—Ç–µ email"
–î–æ—Å—Ç–∞–≤–ª–µ–Ω–æ,2859
–û—Ç–∫—Ä—ã—Ç–∏—è,1586
OR,0.5547394193774047
–ö–ª–∏–∫–æ–≤,1398
CR,0.48898216159496327
CTR,0.8814627994955864
–û—Ç–ø–∏—Å–æ–∫,5
UR,0.0017488632388947185
–î–æ—Ö–æ–¥ –ø–æ –∞—Ç—Ä–∏–±—É—Ü–∏–∏ MB,85135
–ü–æ–∫—É–ø–æ–∫ –ø–æ –∞—Ç—Ä–∏–±—É—Ü–∏–∏ MB,23
–°—Ä–µ–¥–Ω–∏–π —á–µ–∫ –ø–æ –∞—Ç—Ä–∏–±—É—Ü–∏–∏,3701.523913043478
–ö–æ–Ω–≤–µ—Ä—Å–∏—è –≤ –∑–∞–∫–∞–∑—ã,0.008044770898915705
,
NY landing 2020 DOI promocode,
–°—Å—ã–ª–∫–∞ –Ω–∞ –≤–∏–∑—É–∞–ª,https://email-services.mindbox.ru/v1/projects/1309/email/previewtemplate/?uniqueKey=3674937299256213504&hash=153CCA4B531A0E58D9519FD52148987A130FBFE7&format=Html
–£—Å–ª–æ–≤–∏—è –æ—Ç–ø—Ä–∞–≤–∫–∏,–í–∞—à –ø—Ä–æ–º–æ–∫–æ–¥ —É–∂–µ –∑–¥–µ—Å—å!
–î–æ—Å—Ç–∞–≤–ª–µ–Ω–æ,3375
–û—Ç–∫—Ä—ã—Ç–∏—è,2093
OR,0.6201481481481481
–ö–ª–∏–∫–æ–≤,258
CR,0.07644444444444444
CTR,0.12326803631151458
–û—Ç–ø–∏—Å–æ–∫,4
UR,0.0011851851851851852
–î–æ—Ö–æ–¥ –ø–æ –∞—Ç—Ä–∏–±—É—Ü–∏–∏ MB,59670
–ü–æ–∫—É–ø–æ–∫ –ø–æ –∞—Ç—Ä–∏–±—É—Ü–∏–∏ MB,13
–°—Ä–µ–¥–Ω–∏–π —á–µ–∫ –ø–æ –∞—Ç—Ä–∏–±—É—Ü–∏–∏,4590.051538461538
–ö–æ–Ω–≤–µ—Ä—Å–∏—è –≤ –∑–∞–∫–∞–∑—ã,0.003851851851851852
,
–ö–æ–ø–∏—è –ï–ª–∫–∞ SMS,
–î–æ—Å—Ç–∞–≤–ª–µ–Ω–æ,608
,
SMS —Å –æ–ø—Ä–æ—Å–æ–º,
–°—Å—ã–ª–∫–∞ –Ω–∞ –≤–∏–∑—É–∞–ª,(blank)
–£—Å–ª–æ–≤–∏—è –æ—Ç–ø—Ä–∞–≤–∫–∏,–ë–µ–∑ —Ç–µ–º—ã
–î–æ—Å—Ç–∞–≤–ª–µ–Ω–æ,2596
–û—Ç–∫—Ä—ã—Ç–∏—è,0
OR,0.0
–ö–ª–∏–∫–æ–≤,0
CR,0.0
CTR,0.0
–û—Ç–ø–∏—Å–æ–∫,0
UR,0.0
–î–æ—Ö–æ–¥ –ø–æ –∞—Ç—Ä–∏–±—É—Ü–∏–∏ MB,0
–ü–æ–∫—É–ø–æ–∫ –ø–æ –∞—Ç—Ä–∏–±—É—Ü–∏–∏ MB,0
–°—Ä–µ–¥–Ω–∏–π —á–µ–∫ –ø–æ –∞—Ç—Ä–∏–±—É—Ü–∏–∏,0.0
–ö–æ–Ω–≤–µ—Ä—Å–∏—è –≤ –∑–∞–∫–∞–∑—ã,0.0
,
